"uniprot_id","gene_symbol","g_protein","vascular_effect","note"
"O00574","CXCR6","Gi/o",NA,"chemokine receptor: primarily immune cell chemotaxis"
"O15552","FFAR2","Gi/o",NA,"short-chain fatty acid receptor (GPR43): also couples Gq in some tissues"
"O95136","S1PR2","Gq/11","vasoconstriction","also couples G12/13: S1P receptor"
"O95665","NTSR2","Gq/11",NA,"neurotensin receptor 2"
"O95977","S1PR4","Gi/o",NA,"S1P receptor: mainly immune cells"
"P08172","CHRM2","Gi/o","vasodilation","muscarinic M2: cardiac negative chronotropy AND endothelium-dependent vasodilation"
"P08173","CHRM4","Gi/o",NA,"muscarinic M4: mainly CNS"
"P08588","ADRB1","Gs","positive_inotropy_chronotropy","beta-1 adrenergic: cardiac output and renin release"
"P08912","CHRM5","Gq/11","vasodilation","muscarinic M5: endothelium-dependent vasodilation"
"P0DMS8","ADORA3","Gi/o",NA,"adenosine A3 receptor"
"P11229","CHRM1","Gq/11",NA,"muscarinic M1: mainly CNS/glandular"
"P14416","DRD2","Gi/o","vasoconstriction","dopamine D2: presynaptic AND some vascular smooth muscle"
"P15428","HPGD",NA,NA,"NOT a GPCR (15-hydroxyprostaglandin dehydrogenase, an enzyme) -- GO:0004930 false positive, excluded from the flow by default"
"P20309","CHRM3","Gq/11","mixed","muscarinic M3: endothelium-dependent vasodilation (NO) AND direct smooth-muscle constriction without endothelium"
"P21452","TACR2","Gq/11",NA,"neurokinin A receptor (NK2R)"
"P21462","FPR1","Gi/o",NA,"formyl peptide receptor 1: innate immunity"
"P21554","CNR1","Gi/o","vasodilation","cannabinoid CB1: can mediate vasodilation"
"P21728","DRD1","Gs","vasodilation","dopamine D1: renal and systemic vasodilation AND natriuresis"
"P21730","C5AR1","Gi/o",NA,"complement C5a receptor: innate immunity"
"P21731","TBXA2R","Gq/11","vasoconstriction","thromboxane A2 receptor: potent vasoconstrictor and platelet aggregation (also G12/13)"
"P25090","FPR2","Gi/o",NA,"formyl peptide receptor 2/ALX"
"P25103","TACR1","Gq/11","vasodilation","substance P receptor (NK1R): neurogenic vasodilation"
"P25929","NPY1R","Gq/11","vasoconstriction","neuropeptide Y receptor Y1: vascular smooth muscle constriction"
"P28335","HTR2C","Gq/11",NA,"serotonin 5-HT2C: mainly CNS"
"P29275","ADORA2B","Gs","vasodilation","adenosine A2B receptor"
"P30542","ADORA1","Gi/o","vasoconstriction","adenosine A1 receptor: renal vasoconstriction AND cardiac depression"
"P32245","MC4R","Gs",NA,"melanocortin 4 receptor: energy homeostasis AND some sympathetic/BP roles"
"P32246","CCR1","Gi/o",NA,"chemokine receptor: immune chemotaxis"
"P33032","MC5R","Gs",NA,"melanocortin 5 receptor"
"P34969","HTR7","Gs","vasodilation","serotonin 5-HT7: can mediate vasorelaxation"
"P34972","CNR2","Gi/o",NA,"cannabinoid CB2: mainly immune cells"
"P34995","PTGER1","Gq/11","vasoconstriction","prostaglandin E2 receptor EP1"
"P35372","OPRM1","Gi/o",NA,"mu-opioid receptor"
"P35414","APLNR","Gi/o","vasodilation","apelin receptor (APJ): vasodilation, positive inotropy AND counter-regulates RAAS"
"P35462","DRD3","Gi/o",NA,"dopamine D3: mainly CNS"
"P41145","OPRK1","Gi/o",NA,"kappa-opioid receptor"
"P41231","P2RY2","Gq/11","vasodilation","purinergic receptor: endothelium-dependent vasodilation"
"P41594","GRM5","Gq/11",NA,"metabotropic glutamate receptor 5: CNS"
"P41597","CCR2","Gi/o",NA,"chemokine receptor: monocyte chemotaxis"
"P43116","PTGER2","Gs","vasodilation","prostaglandin E2 receptor EP2"
"P46095","GPR6","Gs",NA,"orphan receptor: constitutively active"
"P47901","AVPR1B","Gq/11",NA,"vasopressin receptor V1b: pituitary ACTH release (V1a is the vascular one)"
"P51582","P2RY4","Gq/11",NA,"purinergic receptor"
"P51681","CCR5","Gi/o",NA,"chemokine receptor: immune chemotaxis"
"P61073","CXCR4","Gi/o",NA,"chemokine receptor: immune chemotaxis"
"Q13304","GPR17","Gi/o",NA,"dual Gi/Gq: oligodendrocyte/CNS"
"Q15077","P2RY6","Gq/11",NA,"purinergic receptor"
"Q5NUL3","FFAR4","Gq/11",NA,"long-chain fatty acid receptor (GPR120)"
"Q6L5J4","FPR3","Gi/o",NA,"formyl peptide receptor 3"
"Q8TDS4","HCAR2","Gi/o",NA,"niacin receptor (GPR109A): adipocytes AND immune cells"
"Q8TDU6","GPBAR1","Gs","vasodilation","bile acid receptor (TGR5): can mediate vasorelaxation"
"Q92753","RORB",NA,NA,"NOT a GPCR (RAR-related orphan nuclear receptor beta) -- GO:0004930 false positive, excluded from the flow by default"
"Q92847","GHSR","Gq/11",NA,"ghrelin receptor"
"Q96P65","QRFPR","Gq/11",NA,"pyroglutamylated RFamide receptor"
"Q99500","S1PR3","Gq/11","vasoconstriction","S1P receptor: also G12/13"
"Q99705","MCHR1","Gi/o",NA,"melanin-concentrating hormone receptor 1: CNS feeding/energy"
"Q9H228","S1PR5","Gi/o",NA,"S1P receptor: mainly lymphocytes/NK cells"
"Q9H244","P2RY12","Gi/o",NA,"purinergic receptor: platelet activation (clopidogrel target)"
"Q9H3N8","HRH4","Gi/o",NA,"histamine H4 receptor: mainly immune cells"
"Q9HBX9","RXFP1","Gs","vasodilation","relaxin receptor 1: vasodilation AND anti-fibrotic"
"Q9HC97","GPR35","Gi/o",NA,"orphan receptor"
"Q9NQS5","GPR84","Gi/o",NA,"medium-chain fatty acid receptor"
"Q9NRA0","SPHK2",NA,NA,"NOT a GPCR (sphingosine kinase 2, an enzyme upstream of S1P) -- GO:0004930 false positive, excluded from the flow by default"
"Q9NS75","CYSLTR2","Gq/11","vasoconstriction","cysteinyl leukotriene receptor 2"
"Q9NYA1","SPHK1",NA,NA,"NOT a GPCR (sphingosine kinase 1, an enzyme upstream of S1P) -- GO:0004930 false positive, excluded from the flow by default"
"Q9Y2T6","GPR55","G12/13",NA,"putative cannabinoid-related receptor: also Gq"
"Q9Y5N1","HRH3","Gi/o",NA,"histamine H3 receptor: mainly CNS presynaptic autoreceptor"
